{
	"class_name" : "PinholeCameraParameters",
	"extrinsic" : 
	[
		1.0,
		-0.0,
		-0.0,
		0.0,
		0.0,
		-1.0,
		-0.0,
		0.0,
		0.0,
		-0.0,
		-1.0,
		0.0,
		-0.61217498779296875,
		-15.967471122741699,
		187.46178687563466,
		1.0
	],
	"intrinsic" : 
	{
		"height" : 2105,
		"intrinsic_matrix" : 
		[
			1822.9834749662434,
			0.0,
			0.0,
			0.0,
			1822.9834749662434,
			0.0,
			1919.5,
			1052.0,
			1.0
		],
		"width" : 3840
	},
	"version_major" : 1,
	"version_minor" : 0
}